<?xml version="1.0" encoding="UTF-8"?>
<project-private xmlns="http://www.netbeans.org/ns/project-private/1">
    <editor-bookmarks xmlns="http://www.netbeans.org/ns/editor-bookmarks/2" lastBookmarkId="0"/>
    <open-files xmlns="http://www.netbeans.org/ns/projectui-open-files/2">
        <group>
            <file>file:/Users/mark/OneDrive%20-%20southhills.edu/South%20Hills/Projects/Java/HotDogHouse/src/hotdoghouse/OrderItem.java</file>
            <file>file:/Users/mark/OneDrive%20-%20southhills.edu/South%20Hills/Projects/Java/HotDogHouse/src/hotdoghouse/HotDogHouse.java</file>
            <file>file:/Users/mark/OneDrive%20-%20southhills.edu/South%20Hills/Projects/Java/HotDogHouse/src/hotdoghouse/Card.java</file>
        </group>
    </open-files>
</project-private>
